{
  "product_name": "Compose",
  "product_version": "3.0.0.156",
  "created_on": "12/12/2016 15:15:59",
  "objects": [
    {
      "id": 6,
      "path": "/",
      "name": "Entity_111",
      "type": "Entity",
      "creation_time": 0,
      "modification_time": 0,
      "inner_item": {
        "$type": "EntityDto",
        "time_model_entity_id": 0,
        "is_reference_entity": false,
        "id": 6,
        "name": "Entity_111",
        "version": 636170587816740000,
        "metadata": {
          "creation_time": 636170587816747795,
          "modification_time": 636170587816740000,
          "tags": [],
          "caller_role": "NONE"
        }
      },
      "tags": [],
      "software_version": 1
    },
    {
      "id": 1,
      "path": "/",
      "name": "settings",
      "type": "ACProjectSettings",
      "creation_time": 0,
      "modification_time": 0,
      "inner_item": {
        "$type": "ACProjectSettings",
        "from_date_col_name": "FD",
        "to_date_col_name": "TD",
        "change_date_col_name": "CHANGE_DATE",
        "lowest_date": "1780-01-01",
        "highest_date": "9999-12-31",
        "unknown_date": "7777-07-07",
        "unknown_string": "Unknown",
        "map_name_prefix": "Map",
        "stop_after_staging": false,
        "use_datetime2": false,
        "unknown_guid": "00000000-0000-0000-0000-000000000000",
        "unknown_number": "0",
        "unknown_byte": "0",
        "dwh_key_name": "ID",
        "create_ddl_scripts_only": false,
        "ignore_data_type_check": false,
        "name": "settings",
        "version": 636170569478670000,
        "metadata": {
          "creation_time": 636170569478676457,
          "modification_time": 636170569478670000,
          "tags": [],
          "caller_role": "NONE"
        }
      },
      "tags": [],
      "software_version": 1
    },
    {
      "id": 3,
      "path": "/",
      "name": "ArielDWH1",
      "type": "Database",
      "creation_time": 0,
      "modification_time": 0,
      "inner_item": {
        "$type": "DatabaseDto",
        "usage": "DATA_WAREHOUSE",
        "dbms": "SQL Server",
        "server_name": "sm2012b.qa.int",
        "database_name": "ArielDWH1",
        "user_name": "sa",
        "password": "",
        "included_schemas": "dwhhhh",
        "templateDatabaseType": "SQLSERVER",
        "dma_schema": "dmaaaa",
        "original_sourcedb_id": 0,
        "has_source_definition": false,
        "landing_zone": {
          "landing_type": "DATABASE",
          "replicate_task_type": "FULL_LOAD",
          "associate_with_replicate_task": false
        },
        "display_name": "Microsoft SQL Server",
        "port": 1434,
        "multibyte_character_multiplier": 1,
        "windows_authentication": false,
        "id": 3,
        "name": "ArielDWH1",
        "version": 636170570087530000,
        "metadata": {
          "creation_time": 636170570087844742,
          "modification_time": 636170570087530000,
          "tags": [],
          "caller_role": "NONE"
        }
      },
      "tags": [],
      "software_version": 3
    },
    {
      "id": 4,
      "path": "/",
      "name": "north",
      "type": "Database",
      "creation_time": 0,
      "modification_time": 0,
      "inner_item": {
        "$type": "DatabaseDto",
        "usage": "SOURCE",
        "server_name": "",
        "database_name": "",
        "included_schemas": "*",
        "templateDatabaseType": "SQLSERVER",
        "dma_schema": "*",
        "original_sourcedb_id": 0,
        "has_source_definition": false,
        "landing_zone": {
          "landing_type": "DATABASE",
          "db_name": "northwind",
          "schema_name": "*",
          "replicate_task_type": "FULL_LOAD",
          "error_marts_schema": "ArielDWH1",
          "associate_with_replicate_task": false
        },
        "port": 0,
        "multibyte_character_multiplier": 1,
        "windows_authentication": false,
        "id": 4,
        "name": "north",
        "version": 636170570356000000,
        "metadata": {
          "creation_time": 636170570356003585,
          "modification_time": 636170570356000000,
          "tags": [],
          "caller_role": "NONE"
        }
      },
      "tags": [],
      "software_version": 3
    },
    {
      "id": 5,
      "path": "/",
      "name": "north_Landing",
      "type": "Database",
      "creation_time": 0,
      "modification_time": 0,
      "inner_item": {
        "$type": "DatabaseDto",
        "usage": "SOURCE",
        "dbms": "SQL Server",
        "server_name": "sm2012b.qa.int",
        "database_name": "northwind",
        "user_name": "sa",
        "password": "",
        "included_schemas": "*",
        "templateDatabaseType": "SQLSERVER",
        "dma_schema": "*",
        "original_sourcedb_id": 4,
        "has_source_definition": true,
        "display_name": "Microsoft SQL Server",
        "port": 1434,
        "multibyte_character_multiplier": 1,
        "windows_authentication": false,
        "id": 5,
        "name": "north_Landing",
        "version": 636170570356310000,
        "metadata": {
          "creation_time": 636170570356315579,
          "modification_time": 636170570356310000,
          "tags": [],
          "caller_role": "NONE"
        }
      },
      "tags": [],
      "software_version": 3
    },
    {
      "id": 7,
      "path": "/",
      "name": "VersionControl",
      "type": "VersionControl",
      "creation_time": 0,
      "modification_time": 0,
      "inner_item": {
        "$type": "VersionControlDto",
        "type": "Git",
        "local_server": false,
        "remote_url": "https://github.com/RosieBarsky/Rosie1.git",
        "user_name": "RosieBarsky",
        "password": "",
        "name": "VersionControl",
        "version": 636171522592370000,
        "metadata": {
          "creation_time": 636171522592377044,
          "modification_time": 636171522592370000,
          "tags": [],
          "caller_role": "NONE"
        }
      },
      "tags": [],
      "software_version": 1
    },
    {
      "id": 2,
      "path": "/",
      "name": "sqlserver2",
      "type": "ExecutionServiceDto",
      "creation_time": 0,
      "modification_time": 0,
      "inner_item": {
        "$type": "ExecutionServiceDto",
        "max_runtime_instances_to_keep": 100,
        "name": "sqlserver2",
        "version": 636171499668520000,
        "metadata": {
          "creation_time": 636170569478832454,
          "modification_time": 636171499668520000,
          "tags": [],
          "caller_role": "NONE"
        }
      },
      "tags": [],
      "software_version": 1
    }
  ]
}